method,K,run,seed,covariance_type,silhouette,calinski_harabasz,davies_bouldin,aic,bic,n_iterations,converged,avg_max_membership,pct_ambiguous_0_70,cluster_sizes
gmm,2,1,3201,diag,0.1796639654991837,8581.91152142569,2.9562489996535164,-5097156.613047767,-5095635.259384046,6,True,0.9999999999929908,0.0,"[23077, 96313]"
gmm,2,2,3202,diag,0.11382688118290768,5508.329048126104,3.690982874829063,-5904424.831518041,-5902903.47785432,6,True,0.9999999999999998,0.0,"[25961, 93429]"
gmm,3,1,3301,diag,0.06110514640642585,7608.765149184247,2.709787766130145,-9298858.79744237,-9296571.921871426,13,True,0.9999832597419654,0.0,"[8394, 26249, 84747]"
gmm,3,2,3302,diag,0.05813364851542419,7091.807350711654,3.095493264548068,-12845969.226912105,-12843682.351341162,7,True,0.9999903069134816,0.0,"[11095, 40693, 67602]"
gmm,2,1,3201,tied,0.1890589380704747,8310.127101240041,2.7839786518645946,-8751024.006717492,-8742700.167245284,19,True,1.0,0.0,"[19076, 100314]"
gmm,2,2,3202,tied,0.13316898215951167,14619.02013875919,2.4033070992388903,-7863925.368738547,-7855601.52926634,6,True,0.9680438378858149,0.0033671161738839097,"[82616, 36774]"
gmm,3,1,3301,tied,0.08481483498977489,4803.884048159233,3.076735087174819,-9271221.109630905,-9262509.664129725,33,True,1.0,0.0,"[19076, 96276, 4038]"
gmm,3,2,3302,tied,0.25544658145195576,10272.010678677216,1.88257413546705,-9269059.991999727,-9260348.546498546,17,True,0.9999999756902024,0.0,"[6473, 103695, 9222]"
