method,K,run,seed,silhouette,calinski_harabasz,davies_bouldin,n_iterations,converged
kmeans,2,1,1201,0.16225609572848657,6421.347074399505,2.505243759442059,30,True
kmeans,2,2,1202,0.16225622257155053,6421.346831993226,2.505155075920804,41,True
kmeans,2,3,1203,0.16191279174312145,6421.342071555165,2.5072393708472895,22,True
kmeans,3,1,1301,0.11614776423680023,5014.148866932345,2.708289318706953,26,True
kmeans,3,2,1302,0.11642078590128865,5019.0345031328325,2.7055653467955523,33,True
kmeans,3,3,1303,0.11609037823797698,5014.12352685983,2.709883097169213,29,True