method,K,run,seed,covariance_type,silhouette,calinski_harabasz,davies_bouldin,aic,bic,n_iterations,converged,avg_max_membership,pct_ambiguous_0_70,cluster_sizes
gmm,2,1,3201,diag,0.10921903698022847,11504.515325416985,2.95466656503152,-5045603.759074012,-5044082.405410291,6,True,0.9998996453297497,1.6751821760616466e-05,"[41177, 78213]"
gmm,2,2,3202,diag,0.10921903698022847,11504.515325416985,2.95466656503152,-5045603.759741606,-5044082.406077885,6,True,0.9998996456057728,1.6751821760616466e-05,"[41177, 78213]"
gmm,3,1,3301,diag,0.07784079114692084,6476.992352234889,3.354351349332628,-12127421.884635646,-12125135.009064702,12,True,0.9997777543838383,0.00020939777200770584,"[18665, 18255, 82470]"
gmm,3,2,3302,diag,0.07784079114692084,6476.992352234889,3.354351349332628,-12127421.884986728,-12125135.009415785,12,True,0.9997777540670475,0.00020939777200770584,"[18255, 18665, 82470]"
gmm,2,1,3201,tied,0.1133427604405015,11925.860243011513,2.8448356136259076,-9036893.123183286,-9028569.283711078,4,True,1.0,0.0,"[38575, 80815]"
gmm,2,2,3202,tied,0.1133427604405015,11925.860243011513,2.8448356136259076,-9036893.123183286,-9028569.283711078,4,True,1.0,0.0,"[38575, 80815]"
gmm,3,1,3301,tied,0.12224628673884806,12388.911381635038,2.3603153759174056,-9070121.8038559,-9061410.35835472,9,True,0.9791759496861077,0.028277075131920595,"[38575, 70054, 10761]"
gmm,3,2,3302,tied,0.12224453171842424,12388.709156378705,2.3603066243826247,-9070122.381849196,-9061410.936348015,9,True,0.979177093592646,0.028277075131920595,"[70055, 38575, 10760]"
